source_path	target_path	size	sha256	source_sha256	transform
UploadFiles/xwzx/2023/10/202310050822305417.png	UploadFiles/xwzx/2023/10/202310050822305417.png	174295	4aee35478629deae0ffcb77a7b6b99ff7ac4097d1f6fb768abfc0becd9969f73	4aee35478629deae0ffcb77a7b6b99ff7ac4097d1f6fb768abfc0becd9969f73	
UploadFiles/xwzx/2023/10/202310061310494683.gif	UploadFiles/xwzx/2023/10/202310061310494683.gif	996	6a8c34408daee220b364f56261db307a68c0d8732f762bb90ddccb5482683677	6a8c34408daee220b364f56261db307a68c0d8732f762bb90ddccb5482683677	
UploadFiles/xwzx/2023/10/202310061310497937.gif	UploadFiles/xwzx/2023/10/202310061310497937.gif	1005	96ae963c64e3bf7edd26f5e8d131f80d1444536dc7c69b6164d23e4db16a20d3	96ae963c64e3bf7edd26f5e8d131f80d1444536dc7c69b6164d23e4db16a20d3	
UploadFiles/xwzx/2023/10/202310061558543939.png	UploadFiles/xwzx/2023/10/202310061558543939.png	74020	5added8b36ea5104ee3098df7f958fbf69feb5849d1adee8eb4a379378e4af00	5added8b36ea5104ee3098df7f958fbf69feb5849d1adee8eb4a379378e4af00	
UploadFiles/xwzx/2023/10/202310061600442894.png	UploadFiles/xwzx/2023/10/202310061600442894.png	78517	f418afa068636efb311d4ded48d93b71a9f281252907c1c5872090528484fb9e	f418afa068636efb311d4ded48d93b71a9f281252907c1c5872090528484fb9e	
UploadFiles/xwzx/2023/10/202310081008130615.png	UploadFiles/xwzx/2023/10/202310081008130615.png	91153	36d6a40bf1608c69515ef45189df26242c8b1a2ced69f8429fb1c3caf1775b26	36d6a40bf1608c69515ef45189df26242c8b1a2ced69f8429fb1c3caf1775b26	
UploadFiles/xwzx/2023/10/202310081358534110.png	UploadFiles/xwzx/2023/10/202310081358534110.png	91343	186307f04d17fe3b7c7c0685e1fbfa3ac0f6b2fadddba86f12b524327e7c4876	186307f04d17fe3b7c7c0685e1fbfa3ac0f6b2fadddba86f12b524327e7c4876	
UploadFiles/xwzx/2023/10/202310101035281614.png	UploadFiles/xwzx/2023/10/202310101035281614.png	90926	ff451335d001a9a66c7a4ba94c386dcad575d037c79dd8cb4fc275572dfcf842	ff451335d001a9a66c7a4ba94c386dcad575d037c79dd8cb4fc275572dfcf842	
UploadFiles/xwzx/2023/10/202310101459178888.gif	UploadFiles/xwzx/2023/10/202310101459178888.gif	1012	62c86a7776611273707faece405890b74a8c521b17a73e339875d8aa4f9ca361	62c86a7776611273707faece405890b74a8c521b17a73e339875d8aa4f9ca361	
UploadFiles/xwzx/2023/10/202310110852592962.png	UploadFiles/xwzx/2023/10/202310110852592962.png	33239	e79d8de973b4bf6ccee207432baa66dda439840a979feda61a849fcaf7c4133c	e79d8de973b4bf6ccee207432baa66dda439840a979feda61a849fcaf7c4133c	
UploadFiles/xwzx/2023/10/202310111522238731.png	UploadFiles/xwzx/2023/10/202310111522238731.png	38555	506d23bea6d62293b120e54ee6d52255e7388aca245bd41eae97f39e3b9d4824	506d23bea6d62293b120e54ee6d52255e7388aca245bd41eae97f39e3b9d4824	
UploadFiles/xwzx/2023/10/202310111522599780.png	UploadFiles/xwzx/2023/10/202310111522599780.png	51489	f1cc56420696b5797331fb05087fc316b92068d105b26a71d65e1a0dc7cf8f99	f1cc56420696b5797331fb05087fc316b92068d105b26a71d65e1a0dc7cf8f99	
UploadFiles/xwzx/2023/10/202310111523427232.png	UploadFiles/xwzx/2023/10/202310111523427232.png	102529	09d5f865b7099f6b35d730a81ae44e06c7eab9a83c609284b5c9b03e0e761654	09d5f865b7099f6b35d730a81ae44e06c7eab9a83c609284b5c9b03e0e761654	
UploadFiles/xwzx/2023/10/202310121229291331.png	UploadFiles/xwzx/2023/10/202310121229291331.png	90319	c68133ac27aef5c1419dbb62f00bc123f549e818b3bb8d4547b48f55c7b430d3	c68133ac27aef5c1419dbb62f00bc123f549e818b3bb8d4547b48f55c7b430d3	
UploadFiles/xwzx/2023/10/202310121506033215.png	UploadFiles/xwzx/2023/10/202310121506033215.png	92947	1763d150efa015b1593ecac0092b8a2cbe1aee17d87cc787ec6d42046cf0f1b9	1763d150efa015b1593ecac0092b8a2cbe1aee17d87cc787ec6d42046cf0f1b9	
UploadFiles/xwzx/2023/10/202310131030187966.png	UploadFiles/xwzx/2023/10/202310131030187966.png	92677	035a5c07d91ccb4dd555d9cbfb32647da94948033df89efabe5b46a69aa9ef92	035a5c07d91ccb4dd555d9cbfb32647da94948033df89efabe5b46a69aa9ef92	
UploadFiles/xwzx/2023/10/202310160849582773.png	UploadFiles/xwzx/2023/10/202310160849582773.png	23767	56878d6bd540192120f23bd66e1e92db2969066cc0a00e1c6bd0666712f13e3e	56878d6bd540192120f23bd66e1e92db2969066cc0a00e1c6bd0666712f13e3e	
UploadFiles/xwzx/2023/10/202310160951071031.png	UploadFiles/xwzx/2023/10/202310160951071031.png	91757	05a8069bf4e894fe47daed85e53882ab9cfc68460da6dad84a0681326e00125f	05a8069bf4e894fe47daed85e53882ab9cfc68460da6dad84a0681326e00125f	
UploadFiles/xwzx/2023/10/202310161029158652.png	UploadFiles/xwzx/2023/10/202310161029158652.png	91742	62a0c0e3f4b7d2ebccab81e61c940bf920caaddea545287b87d62b56b5ca6c08	62a0c0e3f4b7d2ebccab81e61c940bf920caaddea545287b87d62b56b5ca6c08	
UploadFiles/xwzx/2023/10/202310161041308403.png	UploadFiles/xwzx/2023/10/202310161041308403.png	90572	23a09732e2510aeff5bb7b5034f873438b8617016beabd95067a2a4f96cfd231	23a09732e2510aeff5bb7b5034f873438b8617016beabd95067a2a4f96cfd231	
UploadFiles/xwzx/2023/10/202310161145220713.jpg	UploadFiles/xwzx/2023/10/202310161145220713.jpg	1446166	66704d047dda38b1ad8dd3727721fd9ff2ee67ed9028d14cf645fb7194062ba2	66704d047dda38b1ad8dd3727721fd9ff2ee67ed9028d14cf645fb7194062ba2	
UploadFiles/xwzx/2023/10/202310171040306800.png	UploadFiles/xwzx/2023/10/202310171040306800.png	90834	d72689acf82abbdedfab850e505aeed3ec439b10645628e0c0e26fcefe597949	d72689acf82abbdedfab850e505aeed3ec439b10645628e0c0e26fcefe597949	
UploadFiles/xwzx/2023/10/202310171413139990.png	UploadFiles/xwzx/2023/10/202310171413139990.png	3151	2208d2fdc722db599d70ebe770844a643fe973d6dbcb80cb00d66887613473eb	2208d2fdc722db599d70ebe770844a643fe973d6dbcb80cb00d66887613473eb	
UploadFiles/xwzx/2023/10/202310181530499060.png	UploadFiles/xwzx/2023/10/202310181530499060.png	93704	86501e07c1735e9cca59f05498e171a2cd5a0a5d1965eb7ed42315a967c17273	86501e07c1735e9cca59f05498e171a2cd5a0a5d1965eb7ed42315a967c17273	
UploadFiles/xwzx/2023/10/202310181636181533.jpg	UploadFiles/xwzx/2023/10/202310181636181533.jpg	44603	634b5a94bf22f79f695b31feb1c6a12c950ab72c63c560b8fc72353139ef7be3	634b5a94bf22f79f695b31feb1c6a12c950ab72c63c560b8fc72353139ef7be3	
UploadFiles/xwzx/2023/10/202310191042530830.png	UploadFiles/xwzx/2023/10/202310191042530830.png	54924	0065ed1f129e2b43d87171dda16064ac6dd74377e2c3fceaf08018ad74c4bb4b	0065ed1f129e2b43d87171dda16064ac6dd74377e2c3fceaf08018ad74c4bb4b	
UploadFiles/xwzx/2023/10/202310191042531198.png	UploadFiles/xwzx/2023/10/202310191042531198.png	34388	5b6fdfe3d8e730e742e09ec3151602107200a3c3f64369fac670c09039c0fdf5	5b6fdfe3d8e730e742e09ec3151602107200a3c3f64369fac670c09039c0fdf5	
UploadFiles/xwzx/2023/10/202310191424211807.png	UploadFiles/xwzx/2023/10/202310191424211807.png	90348	4ee8b31e91aeb39814901e4eb9c0e176b614751bb96cca3ff9874874884070da	4ee8b31e91aeb39814901e4eb9c0e176b614751bb96cca3ff9874874884070da	
UploadFiles/xwzx/2023/10/202310191652192000.png	UploadFiles/xwzx/2023/10/202310191652192000.png	31261	509f992086818a00786b25ec776560e10adad141c23a0560ada7c6150c8430b8	509f992086818a00786b25ec776560e10adad141c23a0560ada7c6150c8430b8	
UploadFiles/xwzx/2023/10/202310201531521155.png	UploadFiles/xwzx/2023/10/202310201531521155.png	90438	bac894623addf7eee69bbb03cad816e17a00cc6a3e21793e19b53bbbe3d8fce8	bac894623addf7eee69bbb03cad816e17a00cc6a3e21793e19b53bbbe3d8fce8	
UploadFiles/xwzx/2023/10/202310211042467185.png	UploadFiles/xwzx/2023/10/202310211042467185.png	29353	c95a7db176444035657d2c167b3bfa59fc9a8254b21d94554ecb534c61c6800e	c95a7db176444035657d2c167b3bfa59fc9a8254b21d94554ecb534c61c6800e	
UploadFiles/xwzx/2023/10/202310230821341443.JPG	UploadFiles/xwzx/2023/10/202310230821341443.JPG	10691344	48d94941a83b70aa4f18ae36c0477995561ae61f5950840393ae86e097617e8e	48d94941a83b70aa4f18ae36c0477995561ae61f5950840393ae86e097617e8e	
UploadFiles/xwzx/2023/10/202310230821390320.JPG	UploadFiles/xwzx/2023/10/202310230821390320.JPG	7199937	8a167e52aa75a6b1bf0d14a5c87aa503d3758905eb4d2937bd0be20f7facb4bc	8a167e52aa75a6b1bf0d14a5c87aa503d3758905eb4d2937bd0be20f7facb4bc	
UploadFiles/xwzx/2023/10/202310230821447973.JPG	UploadFiles/xwzx/2023/10/202310230821447973.JPG	8315516	da60e8a3030610737bacdbb5cb1c6d7bce581c35e80975ffacb2a18785870604	da60e8a3030610737bacdbb5cb1c6d7bce581c35e80975ffacb2a18785870604	
UploadFiles/xwzx/2023/10/202310230821492179.JPG	UploadFiles/xwzx/2023/10/202310230821492179.JPG	8525342	b3503db492a8350c579df6633fcd4bd589cc5c953a0422ae029df3b64f85b625	b3503db492a8350c579df6633fcd4bd589cc5c953a0422ae029df3b64f85b625	
UploadFiles/xwzx/2023/10/202310230821560785.JPG	UploadFiles/xwzx/2023/10/202310230821560785.JPG	10345903	43444bb3cd30fa7e1efe54123e50ab7e679eec16679936f19d525859e94afa6c	43444bb3cd30fa7e1efe54123e50ab7e679eec16679936f19d525859e94afa6c	
UploadFiles/xwzx/2023/10/202310230822016950.JPG	UploadFiles/xwzx/2023/10/202310230822016950.JPG	8573950	62211640ab1427f75a7f1f5b4c2cbfcae7e033c766235d45afabe3dfceaa8ce4	62211640ab1427f75a7f1f5b4c2cbfcae7e033c766235d45afabe3dfceaa8ce4	
UploadFiles/xwzx/2023/10/202310230822079246.JPG	UploadFiles/xwzx/2023/10/202310230822079246.JPG	8106340	ca588b70763f221e4bfd52d8037dff1197280fe5a733bdd609cb328b7d6760e2	ca588b70763f221e4bfd52d8037dff1197280fe5a733bdd609cb328b7d6760e2	
UploadFiles/xwzx/2023/10/202310230822125073.JPG	UploadFiles/xwzx/2023/10/202310230822125073.JPG	7741288	cd42ef9a8c67a996e5834cef2107eff577e4fcd804a6bcbac2ac6207b774869f	cd42ef9a8c67a996e5834cef2107eff577e4fcd804a6bcbac2ac6207b774869f	
UploadFiles/xwzx/2023/10/202310230822163306.JPG	UploadFiles/xwzx/2023/10/202310230822163306.JPG	6548982	6039d4333a480fc19b70952d58ce776e63d78e24550ed4937d60c0fd1669773a	6039d4333a480fc19b70952d58ce776e63d78e24550ed4937d60c0fd1669773a	
UploadFiles/xwzx/2023/10/202310230822169164.JPG	UploadFiles/xwzx/2023/10/202310230822169164.JPG	6871986	09747c8637d689e06abdc4e5287a39e95dcb0b9de255aee4f17ad2c9ce929b00	09747c8637d689e06abdc4e5287a39e95dcb0b9de255aee4f17ad2c9ce929b00	
UploadFiles/xwzx/2023/10/202310230822239100.JPG	UploadFiles/xwzx/2023/10/202310230822239100.JPG	9865127	c470e844f6273ea044e0d78a96923fa95237efa5e0b57977b51dce3fed5c28f1	c470e844f6273ea044e0d78a96923fa95237efa5e0b57977b51dce3fed5c28f1	
UploadFiles/xwzx/2023/10/202310230822269625.JPG	UploadFiles/xwzx/2023/10/202310230822269625.JPG	9021371	929f2d2d36b5b61bff2184a1efcd5b4d30f6584ea135484d869f2452d3fbe8fe	929f2d2d36b5b61bff2184a1efcd5b4d30f6584ea135484d869f2452d3fbe8fe	
UploadFiles/xwzx/2023/10/202310230822299356.JPG	UploadFiles/xwzx/2023/10/202310230822299356.JPG	10763602	dc50db6231f31bfa438d063cc40a2d822eae81f6eee7fd9bc3c0fc232dc41415	dc50db6231f31bfa438d063cc40a2d822eae81f6eee7fd9bc3c0fc232dc41415	
UploadFiles/xwzx/2023/10/202310230822321151.JPG	UploadFiles/xwzx/2023/10/202310230822321151.JPG	9065391	a59291bb82c3d9b391e555ef699d6dd217d11b269faa84ba8b1dd82cd2eb14b3	a59291bb82c3d9b391e555ef699d6dd217d11b269faa84ba8b1dd82cd2eb14b3	
UploadFiles/xwzx/2023/10/202310230834180910.JPG	UploadFiles/xwzx/2023/10/202310230834180910.JPG	7106419	a92822945fd787ddaf872c769511c3c08550b246419e23571f01cdbe63f10c84	a92822945fd787ddaf872c769511c3c08550b246419e23571f01cdbe63f10c84	
UploadFiles/xwzx/2023/10/202310230834246812.JPG	UploadFiles/xwzx/2023/10/202310230834246812.JPG	8622357	0f13c3d71e21b3bdde3fa40a6f0e98e501504068d96d292e0dc81e6a29f54b0a	0f13c3d71e21b3bdde3fa40a6f0e98e501504068d96d292e0dc81e6a29f54b0a	
UploadFiles/xwzx/2023/10/202310230834293268.JPG	UploadFiles/xwzx/2023/10/202310230834293268.JPG	2636070	f9b87521f0b470ae2741da77f76036b062ee14c94fbabc8cd2bdf4ffa6ef62e8	f9b87521f0b470ae2741da77f76036b062ee14c94fbabc8cd2bdf4ffa6ef62e8	
UploadFiles/xwzx/2023/10/202310230834296637.JPG	UploadFiles/xwzx/2023/10/202310230834296637.JPG	7676232	6cdc3727667ee7c2c839c521292deb3634e1c4a9620e010dcf9f970691ad576b	6cdc3727667ee7c2c839c521292deb3634e1c4a9620e010dcf9f970691ad576b	
UploadFiles/xwzx/2023/10/202310230834341359.JPG	UploadFiles/xwzx/2023/10/202310230834341359.JPG	10064857	d436fdce70d98b73889a7a1295219429024fe5e7e69e6602cc1900cb9ed779b2	d436fdce70d98b73889a7a1295219429024fe5e7e69e6602cc1900cb9ed779b2	
UploadFiles/xwzx/2023/10/202310230834388732.JPG	UploadFiles/xwzx/2023/10/202310230834388732.JPG	6895800	d02ec3ec2c069b5a194e4f14d0e942a4add890bf6085d824a9294ccec95c963d	d02ec3ec2c069b5a194e4f14d0e942a4add890bf6085d824a9294ccec95c963d	
UploadFiles/xwzx/2023/10/202310230834449093.JPG	UploadFiles/xwzx/2023/10/202310230834449093.JPG	8515390	869637f54c07b012c3990c248c0df0bbd6fad11434066b94cdd2e88a9624267b	869637f54c07b012c3990c248c0df0bbd6fad11434066b94cdd2e88a9624267b	
UploadFiles/xwzx/2023/10/202310230834470034.JPG	UploadFiles/xwzx/2023/10/202310230834470034.JPG	4616755	058c20df3558685d215b26b35ca3d9a02fa14ee26d3de9b288e2ce64cb88dd69	058c20df3558685d215b26b35ca3d9a02fa14ee26d3de9b288e2ce64cb88dd69	
UploadFiles/xwzx/2023/10/202310230834485474.JPG	UploadFiles/xwzx/2023/10/202310230834485474.JPG	2524425	d244ca5a954129c0e44fea781fefb8f6f029be0bd57e5497b06237404cc4ed5c	d244ca5a954129c0e44fea781fefb8f6f029be0bd57e5497b06237404cc4ed5c	
UploadFiles/xwzx/2023/10/202310230834511547.JPG	UploadFiles/xwzx/2023/10/202310230834511547.JPG	6508151	8d5b740e3a1cfda7e429e83012bef042b44b0e3a2f47c26e6d5b6313e431e275	8d5b740e3a1cfda7e429e83012bef042b44b0e3a2f47c26e6d5b6313e431e275	
UploadFiles/xwzx/2023/10/202310230834570440.JPG	UploadFiles/xwzx/2023/10/202310230834570440.JPG	7676449	2f66ed9b2cf4da3e74d2252335f8e736c0df60748966b46294c70b6f251b5287	2f66ed9b2cf4da3e74d2252335f8e736c0df60748966b46294c70b6f251b5287	
UploadFiles/xwzx/2023/10/202310230834584664.JPG	UploadFiles/xwzx/2023/10/202310230834584664.JPG	7772000	a3511e891b62fddb0921541c156b352efb7356fdd35b0ba1610764a36e564328	a3511e891b62fddb0921541c156b352efb7356fdd35b0ba1610764a36e564328	
UploadFiles/xwzx/2023/10/202310230835029585.JPG	UploadFiles/xwzx/2023/10/202310230835029585.JPG	7807071	3f076129400176e2ae9982648a6e47bb14ace7917e2da13e8d4d914c8cde4ad6	3f076129400176e2ae9982648a6e47bb14ace7917e2da13e8d4d914c8cde4ad6	
UploadFiles/xwzx/2023/10/202310230835071232.JPG	UploadFiles/xwzx/2023/10/202310230835071232.JPG	7366399	f2148960d3754696f0586eeb3fdb2258514334c30887215eb484c23163052685	f2148960d3754696f0586eeb3fdb2258514334c30887215eb484c23163052685	
UploadFiles/xwzx/2023/10/202310230835145815.JPG	UploadFiles/xwzx/2023/10/202310230835145815.JPG	9845090	de260e4af07dcce710ad74ff12968552f4d0c646a7d7bea598fe842397a6ea35	de260e4af07dcce710ad74ff12968552f4d0c646a7d7bea598fe842397a6ea35	
UploadFiles/xwzx/2023/10/202310230835189822.JPG	UploadFiles/xwzx/2023/10/202310230835189822.JPG	6515558	65f0cb81e9e579d5e5c55bfb177c4eb05369af3185854348a3ff0c995b46607f	65f0cb81e9e579d5e5c55bfb177c4eb05369af3185854348a3ff0c995b46607f	
UploadFiles/xwzx/2023/10/202310230835198221.JPG	UploadFiles/xwzx/2023/10/202310230835198221.JPG	6582318	90b37021af19c32682d0c85f4d1a46726bd859711156f033b482788d6960de55	90b37021af19c32682d0c85f4d1a46726bd859711156f033b482788d6960de55	
UploadFiles/xwzx/2023/10/202310230835248956.JPG	UploadFiles/xwzx/2023/10/202310230835248956.JPG	6957740	53fcb572f2f054a919f19d52394c30839cfd2ef2d4dd383752b0e99e2d4e417a	53fcb572f2f054a919f19d52394c30839cfd2ef2d4dd383752b0e99e2d4e417a	
UploadFiles/xwzx/2023/10/202310230835309884.JPG	UploadFiles/xwzx/2023/10/202310230835309884.JPG	8273472	9ac56ddccd8969ea21b03eb445276af2788155da6872ccd6789799045357e5e1	9ac56ddccd8969ea21b03eb445276af2788155da6872ccd6789799045357e5e1	
UploadFiles/xwzx/2023/10/202310230835323272.JPG	UploadFiles/xwzx/2023/10/202310230835323272.JPG	7088020	28650d0733d7590e6044c6349e8d1d154cd1c04e9bdfe2451e32ecb8bdb6fdde	28650d0733d7590e6044c6349e8d1d154cd1c04e9bdfe2451e32ecb8bdb6fdde	
UploadFiles/xwzx/2023/10/202310230835371823.JPG	UploadFiles/xwzx/2023/10/202310230835371823.JPG	8431862	f6396495d8669affa57dd2f0ad5e65b1a731c7ce0ae9349b164b2a957aa1a51b	f6396495d8669affa57dd2f0ad5e65b1a731c7ce0ae9349b164b2a957aa1a51b	
UploadFiles/xwzx/2023/10/202310230835373545.JPG	UploadFiles/xwzx/2023/10/202310230835373545.JPG	6694005	79a7cee11442cd3f4131eb972b96926fd5b6a7182fd0207723f690f25c8b291d	79a7cee11442cd3f4131eb972b96926fd5b6a7182fd0207723f690f25c8b291d	
UploadFiles/xwzx/2023/10/202310230835430483.JPG	UploadFiles/xwzx/2023/10/202310230835430483.JPG	7852305	6d2c25423600630662c4e4e6ec4897f6ce6505d8ba38d5893d5cb43888bdf1e7	6d2c25423600630662c4e4e6ec4897f6ce6505d8ba38d5893d5cb43888bdf1e7	
UploadFiles/xwzx/2023/10/202310230835474872.JPG	UploadFiles/xwzx/2023/10/202310230835474872.JPG	6928254	9a975452cd6dce6a241ef21463fed89380ee5e81764c51da0a2cd045e86a6b7e	9a975452cd6dce6a241ef21463fed89380ee5e81764c51da0a2cd045e86a6b7e	
UploadFiles/xwzx/2023/10/202310230835481121.JPG	UploadFiles/xwzx/2023/10/202310230835481121.JPG	7042152	9b51afe12f7b627fa5ad39099d6530bc494adc58c24a1c2c5ca80c3a9ef19b58	9b51afe12f7b627fa5ad39099d6530bc494adc58c24a1c2c5ca80c3a9ef19b58	
UploadFiles/xwzx/2023/10/202310231420377381.png	UploadFiles/xwzx/2023/10/202310231420377381.png	93742	ec37aca5f89414402065eb0162723bfce6a6c5f3ef414b4ba9d266988ef4c92f	ec37aca5f89414402065eb0162723bfce6a6c5f3ef414b4ba9d266988ef4c92f	
UploadFiles/xwzx/2023/10/202310231421143732.png	UploadFiles/xwzx/2023/10/202310231421143732.png	93736	dac9bfe940451f734eaec64113f101c706852c544af2ab3cb0ee28ca7540e269	dac9bfe940451f734eaec64113f101c706852c544af2ab3cb0ee28ca7540e269	
UploadFiles/xwzx/2023/10/202310240947002636.jpg	UploadFiles/xwzx/2023/10/202310240947002636.jpg	262086	5fd79f513da1261fc3f8686375ad919cef8b3beb62f0fe477195528fb0640549	5fd79f513da1261fc3f8686375ad919cef8b3beb62f0fe477195528fb0640549	
UploadFiles/xwzx/2023/10/202310240947002640.jpg	UploadFiles/xwzx/2023/10/202310240947002640.jpg	252148	93ef01fa4d6112ee6a4233819120692891fa99d622687f09395d1d4f7486be32	93ef01fa4d6112ee6a4233819120692891fa99d622687f09395d1d4f7486be32	
UploadFiles/xwzx/2023/10/202310240947003692.jpg	UploadFiles/xwzx/2023/10/202310240947003692.jpg	259388	ee9b638b3b726f63b2a4c5f78cf1be575bd7d043e2ee015d1408090f392eb6f1	ee9b638b3b726f63b2a4c5f78cf1be575bd7d043e2ee015d1408090f392eb6f1	
UploadFiles/xwzx/2023/10/202310240947004020.jpg	UploadFiles/xwzx/2023/10/202310240947004020.jpg	180504	b5ed6c4aa342463173b1135567fd916228b83d5e183d8ec362fb2a464b55dac5	b5ed6c4aa342463173b1135567fd916228b83d5e183d8ec362fb2a464b55dac5	
UploadFiles/xwzx/2023/10/202310240947006018.jpg	UploadFiles/xwzx/2023/10/202310240947006018.jpg	242450	07390ec65d6e06666d13397ea832a2b57eaf760806dfd48fe64b179f2555110d	07390ec65d6e06666d13397ea832a2b57eaf760806dfd48fe64b179f2555110d	
UploadFiles/xwzx/2023/10/202310240947010050.jpg	UploadFiles/xwzx/2023/10/202310240947010050.jpg	138423	3252a43b889aae6934bc6ce3bca8a8988b2637c68590fffb6e456ad00c2d2ef0	3252a43b889aae6934bc6ce3bca8a8988b2637c68590fffb6e456ad00c2d2ef0	
UploadFiles/xwzx/2023/10/202310241053312033.JPG	UploadFiles/xwzx/2023/10/202310241053312033.JPG	13450990	98d99579ab29c0eaaebaf75c3877fe05de86d147469753949412d67f7035fd46	98d99579ab29c0eaaebaf75c3877fe05de86d147469753949412d67f7035fd46	
UploadFiles/xwzx/2023/10/202310241053313185.JPG	UploadFiles/xwzx/2023/10/202310241053313185.JPG	15021962	fc5d3317f9f6cb882ac41205822741f7f51d6bd568bc9f14e445620128f6f5d7	fc5d3317f9f6cb882ac41205822741f7f51d6bd568bc9f14e445620128f6f5d7	
UploadFiles/xwzx/2023/10/202310241053319117.JPG	UploadFiles/xwzx/2023/10/202310241053319117.JPG	13093814	ec365ac72f0c95282f1a8b01dd41c8d00c1b5800928db1e58eb1a23230019339	ec365ac72f0c95282f1a8b01dd41c8d00c1b5800928db1e58eb1a23230019339	
UploadFiles/xwzx/2023/10/202310241053341095.JPG	UploadFiles/xwzx/2023/10/202310241053341095.JPG	15530034	c735d1bf39b568bc77bd7d1297232c7bb15dbec94805bbfb236287a412fcd63a	c735d1bf39b568bc77bd7d1297232c7bb15dbec94805bbfb236287a412fcd63a	
UploadFiles/xwzx/2023/10/202310241053341876.JPG	UploadFiles/xwzx/2023/10/202310241053341876.JPG	13468701	58e4eda7421e6debfd91b6c69da5cbae0c5a573513eb87355b0b0d38049e5dd0	58e4eda7421e6debfd91b6c69da5cbae0c5a573513eb87355b0b0d38049e5dd0	
UploadFiles/xwzx/2023/10/202310241053356979.JPG	UploadFiles/xwzx/2023/10/202310241053356979.JPG	13765873	8fd636943b0231bc0d79265e675f9387889281d17fd779cf14e7f86e607ae00b	8fd636943b0231bc0d79265e675f9387889281d17fd779cf14e7f86e607ae00b	
UploadFiles/xwzx/2023/10/202310241053382734.JPG	UploadFiles/xwzx/2023/10/202310241053382734.JPG	14892904	480d659087137c0c0641c762c589392d087c944951cadf1954f4d1375d304413	480d659087137c0c0641c762c589392d087c944951cadf1954f4d1375d304413	
UploadFiles/xwzx/2023/10/202310241053386907.JPG	UploadFiles/xwzx/2023/10/202310241053386907.JPG	13975567	6439298973b3ebb80a864d6fb064dcfa15b40fd666cac5b164828208e2d1fed0	6439298973b3ebb80a864d6fb064dcfa15b40fd666cac5b164828208e2d1fed0	
UploadFiles/xwzx/2023/10/202310241053387689.JPG	UploadFiles/xwzx/2023/10/202310241053387689.JPG	14644097	da1716dc9386108656dc703c4edeaf475ae0c95389f8c60e82aecba3b3190286	da1716dc9386108656dc703c4edeaf475ae0c95389f8c60e82aecba3b3190286	
UploadFiles/xwzx/2023/10/202310241053419108.JPG	UploadFiles/xwzx/2023/10/202310241053419108.JPG	13344809	f62acfbe52f5b7678e90a381e7c3ae44359f00712740dd4219f6b9b52e110e9f	f62acfbe52f5b7678e90a381e7c3ae44359f00712740dd4219f6b9b52e110e9f	
UploadFiles/xwzx/2023/10/202310241053424488.JPG	UploadFiles/xwzx/2023/10/202310241053424488.JPG	14201732	69452c40a101a2c6d5e3d61eb9dbb29751064e826d492b3d053f4c6b493e9012	69452c40a101a2c6d5e3d61eb9dbb29751064e826d492b3d053f4c6b493e9012	
UploadFiles/xwzx/2023/10/202310241053425185.JPG	UploadFiles/xwzx/2023/10/202310241053425185.JPG	14719468	a6d7d36346d620e93402c39899aef3543a932c0ca41ed38a1d89ad9493e7d054	a6d7d36346d620e93402c39899aef3543a932c0ca41ed38a1d89ad9493e7d054	
UploadFiles/xwzx/2023/10/202310241053443656.JPG	UploadFiles/xwzx/2023/10/202310241053443656.JPG	13861356	7fb899c259cc6381a7b95d99ed79eb2def5d236a3e2b8d3e23ac32c79bc304ff	7fb899c259cc6381a7b95d99ed79eb2def5d236a3e2b8d3e23ac32c79bc304ff	
UploadFiles/xwzx/2023/10/202310241053444692.JPG	UploadFiles/xwzx/2023/10/202310241053444692.JPG	15428361	af7c76c75d960da55978cce35779bbefcd09b9a6bfeffb300f86db12b45d485e	af7c76c75d960da55978cce35779bbefcd09b9a6bfeffb300f86db12b45d485e	
UploadFiles/xwzx/2023/10/202310241054383473.jpg	UploadFiles/xwzx/2023/10/202310241054383473.jpg	346865	b057ce866d5976a9866f3a3de779841954dd80a2db9a729cfffa27f39ebb8ba7	b057ce866d5976a9866f3a3de779841954dd80a2db9a729cfffa27f39ebb8ba7	
UploadFiles/xwzx/2023/10/202310241054391131.jpg	UploadFiles/xwzx/2023/10/202310241054391131.jpg	256940	2578a289fbc79aee753ba0f6bd4ba5f265316c47cfba2723de4a8a17ad196456	2578a289fbc79aee753ba0f6bd4ba5f265316c47cfba2723de4a8a17ad196456	
UploadFiles/xwzx/2023/10/202310241054398695.jpg	UploadFiles/xwzx/2023/10/202310241054398695.jpg	14545788	737980ebfe8fc0faa672f5a68eacaea629bd19e6fa9a9d53e71557c22545a65d	737980ebfe8fc0faa672f5a68eacaea629bd19e6fa9a9d53e71557c22545a65d	
UploadFiles/xwzx/2023/10/202310241054401960.jpg	UploadFiles/xwzx/2023/10/202310241054401960.jpg	348257	5c8e560ddac44195ed5f20d595a87c68a88b68d1a5a4563f1b6439cf999c0bb2	5c8e560ddac44195ed5f20d595a87c68a88b68d1a5a4563f1b6439cf999c0bb2	
UploadFiles/xwzx/2023/10/202310241054407814.jpg	UploadFiles/xwzx/2023/10/202310241054407814.jpg	12330811	47243a25955fd324439db873835cfe66529da8a1c85081bcf2e5cd087c346481	47243a25955fd324439db873835cfe66529da8a1c85081bcf2e5cd087c346481	
UploadFiles/xwzx/2023/10/202310241054411241.jpg	UploadFiles/xwzx/2023/10/202310241054411241.jpg	11518416	0de0c90b7373ea098e64d7303e7691485b6dc194af3e5576d40091cada3d9d24	0de0c90b7373ea098e64d7303e7691485b6dc194af3e5576d40091cada3d9d24	
UploadFiles/xwzx/2023/10/202310241054430136.jpg	UploadFiles/xwzx/2023/10/202310241054430136.jpg	12559193	9dd342b62da5b3f7213adf0293a8fe2420b727180363ffc6347574c08ef7c1e5	9dd342b62da5b3f7213adf0293a8fe2420b727180363ffc6347574c08ef7c1e5	
UploadFiles/xwzx/2023/10/202310241054432691.jpg	UploadFiles/xwzx/2023/10/202310241054432691.jpg	13977907	7a47e7cf9c9b727c25a641f2d44a3e410c1a8693fbae7b270491aa1c7d69479d	7a47e7cf9c9b727c25a641f2d44a3e410c1a8693fbae7b270491aa1c7d69479d	
UploadFiles/xwzx/2023/10/202310241054436564.jpg	UploadFiles/xwzx/2023/10/202310241054436564.jpg	362598	57e6f7b1a4d94e6131a2581e4a9eb1f0353eace412e893530cbf0248c9df5980	57e6f7b1a4d94e6131a2581e4a9eb1f0353eace412e893530cbf0248c9df5980	
UploadFiles/xwzx/2023/10/202310241054453673.jpg	UploadFiles/xwzx/2023/10/202310241054453673.jpg	13372887	7ee64624c20fc42c6efe0728904131d139a121da1a462a6638ab853c78742762	7ee64624c20fc42c6efe0728904131d139a121da1a462a6638ab853c78742762	
UploadFiles/xwzx/2023/10/202310241054465264.JPG	UploadFiles/xwzx/2023/10/202310241054465264.JPG	13987576	6029ec85d884dd925bd0f8767bf534729756180ac60bb58fdb7a072cfd54e509	6029ec85d884dd925bd0f8767bf534729756180ac60bb58fdb7a072cfd54e509	
UploadFiles/xwzx/2023/10/202310241054468778.jpg	UploadFiles/xwzx/2023/10/202310241054468778.jpg	5773670	ee1f15c93d5078ec97ef38c7786631fe05f5099b13b75b881033491ff7510219	ee1f15c93d5078ec97ef38c7786631fe05f5099b13b75b881033491ff7510219	
UploadFiles/xwzx/2023/10/202310241054485510.jpg	UploadFiles/xwzx/2023/10/202310241054485510.jpg	296766	d594cc6bbbddb2652ec2f41e8018ab6ed1352be0d7f26bf53e2a9f1755b87d9c	d594cc6bbbddb2652ec2f41e8018ab6ed1352be0d7f26bf53e2a9f1755b87d9c	
UploadFiles/xwzx/2023/10/202310241054489486.JPG	UploadFiles/xwzx/2023/10/202310241054489486.JPG	15483847	119f0f951d83a4905a5cdc22be37e742cb2812bbc1889fd7b27c76cdc32d29ae	119f0f951d83a4905a5cdc22be37e742cb2812bbc1889fd7b27c76cdc32d29ae	
UploadFiles/xwzx/2023/10/202310241054497781.jpg	UploadFiles/xwzx/2023/10/202310241054497781.jpg	6066138	337f53c8c3cc06f22c6561131d23d485b715337a675de7117c02fb8d416576d8	337f53c8c3cc06f22c6561131d23d485b715337a675de7117c02fb8d416576d8	
UploadFiles/xwzx/2023/10/202310241054499539.jpg	UploadFiles/xwzx/2023/10/202310241054499539.jpg	15193964	d2070b3f582ed09012df8a1398e18bafe1d70b51e238ead2547ef08c9c9ff7a4	d2070b3f582ed09012df8a1398e18bafe1d70b51e238ead2547ef08c9c9ff7a4	
UploadFiles/xwzx/2023/10/202310241054512171.JPG	UploadFiles/xwzx/2023/10/202310241054512171.JPG	15964350	2feb18599b6eb58f952aed78bebec4cb577eca130fa923017057a107f8b50b7f	2feb18599b6eb58f952aed78bebec4cb577eca130fa923017057a107f8b50b7f	
UploadFiles/xwzx/2023/10/202310241054516796.JPG	UploadFiles/xwzx/2023/10/202310241054516796.JPG	14351607	21c563785858ee4ba1af8c2cced1f8ec7936c0b22962b579e0372e297c82ae5f	21c563785858ee4ba1af8c2cced1f8ec7936c0b22962b579e0372e297c82ae5f	
UploadFiles/xwzx/2023/10/202310241055411763.jpg	UploadFiles/xwzx/2023/10/202310241055411763.jpg	8553589	44d8d9c9f3bebeb0d6b415cb477e4b3901458f97ca550cf1978d4cbaa2a5aa1c	44d8d9c9f3bebeb0d6b415cb477e4b3901458f97ca550cf1978d4cbaa2a5aa1c	
UploadFiles/xwzx/2023/10/202310241055415667.jpg	UploadFiles/xwzx/2023/10/202310241055415667.jpg	12543342	634b9f6187f44ad9722375bb0d19d2be7537fbb8ff19fa50f05c2cc97530d25e	634b9f6187f44ad9722375bb0d19d2be7537fbb8ff19fa50f05c2cc97530d25e	
UploadFiles/xwzx/2023/10/202310241055415968.jpg	UploadFiles/xwzx/2023/10/202310241055415968.jpg	13257948	06ad7f5c62d159c06994ab61d97a7c4f4a03063ea4eacc23f4c1cd884f3840d9	06ad7f5c62d159c06994ab61d97a7c4f4a03063ea4eacc23f4c1cd884f3840d9	
UploadFiles/xwzx/2023/10/202310241055437360.jpg	UploadFiles/xwzx/2023/10/202310241055437360.jpg	11933515	56b634b09af8e2f9c7f7f021460da5fc70b55c634f862e2c3e949522a5a739d1	56b634b09af8e2f9c7f7f021460da5fc70b55c634f862e2c3e949522a5a739d1	
UploadFiles/xwzx/2023/10/202310241055443658.jpg	UploadFiles/xwzx/2023/10/202310241055443658.jpg	5566748	2f3ab2e5333c23b2bc7b5d1c7ab5627f7e90307f295c6a1d18ab555a0d08abe2	2f3ab2e5333c23b2bc7b5d1c7ab5627f7e90307f295c6a1d18ab555a0d08abe2	
UploadFiles/xwzx/2023/10/202310241055443861.jpg	UploadFiles/xwzx/2023/10/202310241055443861.jpg	5883970	9e77f82fff9dc8b82a7c437166cc372195f48d9517f7a8b845d9182a92fc44e2	9e77f82fff9dc8b82a7c437166cc372195f48d9517f7a8b845d9182a92fc44e2	
UploadFiles/xwzx/2023/10/202310241055458517.jpg	UploadFiles/xwzx/2023/10/202310241055458517.jpg	6001693	b0be50776ffe37bf000f21c2d06a9dd82be81318e493fa577f28485ddea56974	b0be50776ffe37bf000f21c2d06a9dd82be81318e493fa577f28485ddea56974	
UploadFiles/xwzx/2023/10/202310241055463017.jpg	UploadFiles/xwzx/2023/10/202310241055463017.jpg	5190832	85c4975540e4a5fb27e89cb44b7627fcc1146ed85ac12906ac3cba316f07fcc4	85c4975540e4a5fb27e89cb44b7627fcc1146ed85ac12906ac3cba316f07fcc4	
UploadFiles/xwzx/2023/10/202310241055467747.jpg	UploadFiles/xwzx/2023/10/202310241055467747.jpg	5640906	80e43b35e8367a547e15da5cf9dcc436f918991e7359e1052a2d98c25239eb48	80e43b35e8367a547e15da5cf9dcc436f918991e7359e1052a2d98c25239eb48	
UploadFiles/xwzx/2023/10/202310241055499547.JPG	UploadFiles/xwzx/2023/10/202310241055499547.JPG	15044913	f38075b6fcd96352e378d361b5d1354c6089271e5d376ba4c8a45d0339597a77	f38075b6fcd96352e378d361b5d1354c6089271e5d376ba4c8a45d0339597a77	
UploadFiles/xwzx/2023/10/202310241055499852.JPG	UploadFiles/xwzx/2023/10/202310241055499852.JPG	15613304	b1ec4531f1585c0b5601fc32d35745b12dcd65c41c1fe02e315a0ecbdee12517	b1ec4531f1585c0b5601fc32d35745b12dcd65c41c1fe02e315a0ecbdee12517	
UploadFiles/xwzx/2023/10/202310241055500032.JPG	UploadFiles/xwzx/2023/10/202310241055500032.JPG	18483396	66c5f3afedae63b8afad04725063601f1f463889a4adcaf2ac3068af1100af41	66c5f3afedae63b8afad04725063601f1f463889a4adcaf2ac3068af1100af41	
UploadFiles/xwzx/2023/10/202310241055511826.JPG	UploadFiles/xwzx/2023/10/202310241055511826.JPG	8591451	49b1f4ec0f7d995b79d584dcf9bc665253f65824cfa049ed15c605c177e46dda	49b1f4ec0f7d995b79d584dcf9bc665253f65824cfa049ed15c605c177e46dda	
UploadFiles/xwzx/2023/10/202310241055525883.JPG	UploadFiles/xwzx/2023/10/202310241055525883.JPG	15117841	12952dd1a1e28ba42c05dc636a20bb48e7f2aa1136b5e0c1f7f785b229e09631	12952dd1a1e28ba42c05dc636a20bb48e7f2aa1136b5e0c1f7f785b229e09631	
UploadFiles/xwzx/2023/10/202310241056210449.JPG	UploadFiles/xwzx/2023/10/202310241056210449.JPG	14587046	16722b118f94d043dd2052d96efb8a2961763278d52cc2e174314b2c9c96fe7a	16722b118f94d043dd2052d96efb8a2961763278d52cc2e174314b2c9c96fe7a	
UploadFiles/xwzx/2023/10/202310241056215844.JPG	UploadFiles/xwzx/2023/10/202310241056215844.JPG	15888470	5818fb6099fffdbf37375bbb2aa23d9fca3bc5e1483342456cd3f4fd8d404db7	5818fb6099fffdbf37375bbb2aa23d9fca3bc5e1483342456cd3f4fd8d404db7	
UploadFiles/xwzx/2023/10/202310241056228900.JPG	UploadFiles/xwzx/2023/10/202310241056228900.JPG	15632243	d9fb4088c3e0533d3f2041aafa26b463d716820fb624bd9c7fbe469c8dd8709d	d9fb4088c3e0533d3f2041aafa26b463d716820fb624bd9c7fbe469c8dd8709d	
UploadFiles/xwzx/2023/10/202310241056260387.JPG	UploadFiles/xwzx/2023/10/202310241056260387.JPG	15346512	7fb4c4c05780fb9a8a8c3b2ded7a1911aa6d04af38211270fbd75f02e185e027	7fb4c4c05780fb9a8a8c3b2ded7a1911aa6d04af38211270fbd75f02e185e027	
UploadFiles/xwzx/2023/10/202310241056264818.JPG	UploadFiles/xwzx/2023/10/202310241056264818.JPG	13167862	1b5089fd9d3f5a4203e9d56e07763fc8772a1df9aa6a06ecdbd9eaa465a6330b	1b5089fd9d3f5a4203e9d56e07763fc8772a1df9aa6a06ecdbd9eaa465a6330b	
UploadFiles/xwzx/2023/10/202310241056269815.JPG	UploadFiles/xwzx/2023/10/202310241056269815.JPG	13562724	a9508ebc514356dff241b868b1583a69d5cb2895ed10be2b3d3f1196b27b65d6	a9508ebc514356dff241b868b1583a69d5cb2895ed10be2b3d3f1196b27b65d6	
UploadFiles/xwzx/2023/10/202310241056291864.JPG	UploadFiles/xwzx/2023/10/202310241056291864.JPG	14786499	e13b7b69ac2e4b3d7776447b652437d0ccf31e2b4578ec0d4b7c784f31e2ffcb	e13b7b69ac2e4b3d7776447b652437d0ccf31e2b4578ec0d4b7c784f31e2ffcb	
UploadFiles/xwzx/2023/10/202310241056298418.JPG	UploadFiles/xwzx/2023/10/202310241056298418.JPG	15129361	fdb49f05206240602a346b45159275ba836f6d5215237f11599dcb634c12ba6e	fdb49f05206240602a346b45159275ba836f6d5215237f11599dcb634c12ba6e	
UploadFiles/xwzx/2023/10/202310241058193560.jpg	UploadFiles/xwzx/2023/10/202310241058193560.jpg	8957609	4eb3216a913045a895c6f71dd7f8bc7ac22022658c652135a588151ea9938336	4eb3216a913045a895c6f71dd7f8bc7ac22022658c652135a588151ea9938336	
UploadFiles/xwzx/2023/10/202310241058198174.jpg	UploadFiles/xwzx/2023/10/202310241058198174.jpg	10557363	2ec0203525a0b46015bcdf477cd28e0c1ab9b2c19f46bce87654b7f482e60744	2ec0203525a0b46015bcdf477cd28e0c1ab9b2c19f46bce87654b7f482e60744	
UploadFiles/xwzx/2023/10/202310241058210990.jpg	UploadFiles/xwzx/2023/10/202310241058210990.jpg	12032058	76cc8a9a8a44bd903c69ab5efc047a71a4ff6d62639afdcc7731a306c94d384a	76cc8a9a8a44bd903c69ab5efc047a71a4ff6d62639afdcc7731a306c94d384a	
UploadFiles/xwzx/2023/10/202310241058219332.jpg	UploadFiles/xwzx/2023/10/202310241058219332.jpg	16933667	fd0896c38f691f441a88b1935b0877d3ceb126e9070d3829f555b30feea85f86	fd0896c38f691f441a88b1935b0877d3ceb126e9070d3829f555b30feea85f86	
UploadFiles/xwzx/2023/10/202310241058250082.jpg	UploadFiles/xwzx/2023/10/202310241058250082.jpg	12794469	36bbff9166509258934a7affbfe3cd6c0121faafadf926ec304cdbd37dc67e55	36bbff9166509258934a7affbfe3cd6c0121faafadf926ec304cdbd37dc67e55	
UploadFiles/xwzx/2023/10/202310241058257652.jpg	UploadFiles/xwzx/2023/10/202310241058257652.jpg	19349201	739c5a23ee9b320ce1905e06d872d035e5b50e2de9ada4a169c5c23202b6919e	739c5a23ee9b320ce1905e06d872d035e5b50e2de9ada4a169c5c23202b6919e	
UploadFiles/xwzx/2023/10/202310241058263677.jpg	UploadFiles/xwzx/2023/10/202310241058263677.jpg	7034165	9212c54e01020773928c6ff5da83052dfcae1d4b7474921ea6124da351fe836f	9212c54e01020773928c6ff5da83052dfcae1d4b7474921ea6124da351fe836f	
UploadFiles/xwzx/2023/10/202310241058282953.JPG	UploadFiles/xwzx/2023/10/202310241058282953.JPG	15091562	94490923bfe84661de34dc29b46f8ed7032417969407b4e020dd3509f0f7023a	94490923bfe84661de34dc29b46f8ed7032417969407b4e020dd3509f0f7023a	
UploadFiles/xwzx/2023/10/202310241058287217.jpg	UploadFiles/xwzx/2023/10/202310241058287217.jpg	16995548	e4f4c85040a94602f93cc8ca19ac9712bcc7cb936ac177ad57f007f4732d7190	e4f4c85040a94602f93cc8ca19ac9712bcc7cb936ac177ad57f007f4732d7190	
UploadFiles/xwzx/2023/10/202310241058291715.jpg	UploadFiles/xwzx/2023/10/202310241058291715.jpg	5635060	9b4f05eedb002232deb36242626a0566fc8d14a260072526a43e6e0a6879371d	9b4f05eedb002232deb36242626a0566fc8d14a260072526a43e6e0a6879371d	
UploadFiles/xwzx/2023/10/202310241058306764.JPG	UploadFiles/xwzx/2023/10/202310241058306764.JPG	5851140	dc908a0dd1ed0b534bc902255a633f0cd3a4743c86a36eec37e0653cbca3c215	dc908a0dd1ed0b534bc902255a633f0cd3a4743c86a36eec37e0653cbca3c215	
UploadFiles/xwzx/2023/10/202310241058308087.JPG	UploadFiles/xwzx/2023/10/202310241058308087.JPG	4418407	5b42371317ff32eebb3aac8c466089a4dd99e1854999dd2207be4d05f82f0c25	5b42371317ff32eebb3aac8c466089a4dd99e1854999dd2207be4d05f82f0c25	
UploadFiles/xwzx/2023/10/202310241058312417.JPG	UploadFiles/xwzx/2023/10/202310241058312417.JPG	4950987	661579defe286aebb599d872a7a50b880885140a981806f21b29ee94df542976	661579defe286aebb599d872a7a50b880885140a981806f21b29ee94df542976	
UploadFiles/xwzx/2023/10/202310241058314371.jpg	UploadFiles/xwzx/2023/10/202310241058314371.jpg	5148629	b68e1f4835c9cbcebb44d4744663af2aba897e1b8ea2fbb1b59be59ef6287c2d	b68e1f4835c9cbcebb44d4744663af2aba897e1b8ea2fbb1b59be59ef6287c2d	
UploadFiles/xwzx/2023/10/202310241058319987.JPG	UploadFiles/xwzx/2023/10/202310241058319987.JPG	13265580	6a2562e73066f2099978ed9f1e2b6d60e57eeeab0eab7255b462a1912c96be3f	6a2562e73066f2099978ed9f1e2b6d60e57eeeab0eab7255b462a1912c96be3f	
UploadFiles/xwzx/2023/10/202310241058333637.JPG	UploadFiles/xwzx/2023/10/202310241058333637.JPG	15117228	e52b3581390ec2b9a696ee27d6188dcc1c93e9c0e426039df22d4aa0fa257639	e52b3581390ec2b9a696ee27d6188dcc1c93e9c0e426039df22d4aa0fa257639	
UploadFiles/xwzx/2023/10/202310241058338981.jpg	UploadFiles/xwzx/2023/10/202310241058338981.jpg	5183667	70a8df37615951be0fd223d5e6f1ba03300928c4b73040ab246a41e4478d2683	70a8df37615951be0fd223d5e6f1ba03300928c4b73040ab246a41e4478d2683	
UploadFiles/xwzx/2023/10/202310241058342619.JPG	UploadFiles/xwzx/2023/10/202310241058342619.JPG	13098742	9ceb6f92ee7b45179897218f3bace580fd51e7b4216a0c733099f36251f1810e	9ceb6f92ee7b45179897218f3bace580fd51e7b4216a0c733099f36251f1810e	
UploadFiles/xwzx/2023/10/202310241058363433.JPG	UploadFiles/xwzx/2023/10/202310241058363433.JPG	14224151	74f487668d97227fa4ad545d9eca74014f290bb5806c65975c20a8316b02f080	74f487668d97227fa4ad545d9eca74014f290bb5806c65975c20a8316b02f080	
UploadFiles/xwzx/2023/10/202310241058365052.JPG	UploadFiles/xwzx/2023/10/202310241058365052.JPG	14223021	2a378d5278d677a027a6e97e814cb0c4cde719c3256b6163e920ac35d01fdbd5	2a378d5278d677a027a6e97e814cb0c4cde719c3256b6163e920ac35d01fdbd5	
UploadFiles/xwzx/2023/10/202310241058387929.JPG	UploadFiles/xwzx/2023/10/202310241058387929.JPG	14799221	e6441de68cd067180fc5086049b66bf15fcff1c8f7f0f4d3ba8036ffcc495fcf	e6441de68cd067180fc5086049b66bf15fcff1c8f7f0f4d3ba8036ffcc495fcf	
UploadFiles/xwzx/2023/10/202310241058391437.JPG	UploadFiles/xwzx/2023/10/202310241058391437.JPG	14628081	02d5528b3b5e7fa44cfad5c077db3d814fd3dc167a94b743aafcfddff60d55d6	02d5528b3b5e7fa44cfad5c077db3d814fd3dc167a94b743aafcfddff60d55d6	
UploadFiles/xwzx/2023/10/202310241058403346.JPG	UploadFiles/xwzx/2023/10/202310241058403346.JPG	14212736	754a33c1424f932a0241d0153301fb0b8269a0a5eae8774fa2e1c7268008973f	754a33c1424f932a0241d0153301fb0b8269a0a5eae8774fa2e1c7268008973f	
UploadFiles/xwzx/2023/10/202310241058406367.JPG	UploadFiles/xwzx/2023/10/202310241058406367.JPG	14342879	5b657c53e448da75dae514a2066acb8aa6760c874bbaeaaeeeb2e781974dcfeb	5b657c53e448da75dae514a2066acb8aa6760c874bbaeaaeeeb2e781974dcfeb	
UploadFiles/xwzx/2023/10/202310241058429502.JPG	UploadFiles/xwzx/2023/10/202310241058429502.JPG	13269452	0b90a5367dd93d64f3876dad91446db4bf65a106b9d74f8590a4411181826f00	0b90a5367dd93d64f3876dad91446db4bf65a106b9d74f8590a4411181826f00	
UploadFiles/xwzx/2023/10/202310241058432768.jpg	UploadFiles/xwzx/2023/10/202310241058432768.jpg	174935	b2caa1886a7d455d3d7b32c32a71c6fd14d1283c90c5a6c898da6473dbb05d32	b2caa1886a7d455d3d7b32c32a71c6fd14d1283c90c5a6c898da6473dbb05d32	
UploadFiles/xwzx/2023/10/202310241058436058.JPG	UploadFiles/xwzx/2023/10/202310241058436058.JPG	14221466	889d2042bcb8f43d2aa5f2f6ae2f73e0f41055731bf8012fcc8e81053d3b1920	889d2042bcb8f43d2aa5f2f6ae2f73e0f41055731bf8012fcc8e81053d3b1920	
UploadFiles/xwzx/2023/10/202310241058441708.JPG	UploadFiles/xwzx/2023/10/202310241058441708.JPG	13898165	becedc523a22f3e1328695c57edfb2ad8be7fb43fd7ab2ff6dd5071aae156895	becedc523a22f3e1328695c57edfb2ad8be7fb43fd7ab2ff6dd5071aae156895	
UploadFiles/xwzx/2023/10/202310241058443648.JPG	UploadFiles/xwzx/2023/10/202310241058443648.JPG	14373352	a8599889317d8def84b0e89b004e7e37f68f3da79226d5261eb2eaa94671a164	a8599889317d8def84b0e89b004e7e37f68f3da79226d5261eb2eaa94671a164	
UploadFiles/xwzx/2023/10/202310241233144013.png	UploadFiles/xwzx/2023/10/202310241233144013.png	91043	91b3ce6511b6e6e408a5f19f1e60e28b7e52229598c042c3fe70b8dec75787cf	91b3ce6511b6e6e408a5f19f1e60e28b7e52229598c042c3fe70b8dec75787cf	
UploadFiles/xwzx/2023/10/202310251428195279.png	UploadFiles/xwzx/2023/10/202310251428195279.png	251499	593c3ba6833e965dfc7dec45850f0ededb4845c32fd1fb2dcf439ee7a5ba553a	593c3ba6833e965dfc7dec45850f0ededb4845c32fd1fb2dcf439ee7a5ba553a	
UploadFiles/xwzx/2023/10/202310251533386272.png	UploadFiles/xwzx/2023/10/202310251533386272.png	92226	0e5c252aa075bad99710e24920c0a21656a18d5e06129a494d5eb8281859bfa2	0e5c252aa075bad99710e24920c0a21656a18d5e06129a494d5eb8281859bfa2	
UploadFiles/xwzx/2023/10/202310261532355970.png	UploadFiles/xwzx/2023/10/202310261532355970.png	66884	26f5ae0978c7e3d4025cd1556013cf9283ea5600169c01f944768c3b83a063f8	26f5ae0978c7e3d4025cd1556013cf9283ea5600169c01f944768c3b83a063f8	
UploadFiles/xwzx/2023/10/202310261624547402.png	UploadFiles/xwzx/2023/10/202310261624547402.png	93881	7d0b91d9f064964410c5bff22f7839cf1e35087da9ed4a455404688b5285c2bf	7d0b91d9f064964410c5bff22f7839cf1e35087da9ed4a455404688b5285c2bf	
UploadFiles/xwzx/2023/10/202310271625168856.png	UploadFiles/xwzx/2023/10/202310271625168856.png	100145	823b241b9a43a31765b1d71d5f76f2420fb637f91f13e5ec8dc3858cfc64866f	823b241b9a43a31765b1d71d5f76f2420fb637f91f13e5ec8dc3858cfc64866f	
UploadFiles/xwzx/2023/10/202310301018599365.png	UploadFiles/xwzx/2023/10/202310301018599365.png	68139	4607bb619157ac912299f3a93573d48abca5ce63571bea1e8fe46a026b87e20d	4607bb619157ac912299f3a93573d48abca5ce63571bea1e8fe46a026b87e20d	
UploadFiles/xwzx/2023/10/202310301033501138.png	UploadFiles/xwzx/2023/10/202310301033501138.png	98952	6edc176f3bf7177e95ab71fe955a0439dfe82ef4ad650714d0cfaebc1a8bd1a8	6edc176f3bf7177e95ab71fe955a0439dfe82ef4ad650714d0cfaebc1a8bd1a8	
UploadFiles/xwzx/2023/10/202310301038070818.png	UploadFiles/xwzx/2023/10/202310301038070818.png	90418	0389a262fa0144ae7df5c3dd46fc0da718c94786d51e45c6ea3b36be11a3eb17	0389a262fa0144ae7df5c3dd46fc0da718c94786d51e45c6ea3b36be11a3eb17	
UploadFiles/xwzx/2023/10/202310301041255738.jpg	UploadFiles/xwzx/2023/10/202310301041255738.jpg	6592624	a56d1dcf4df7701bb07fd3bfac562ee571b31bb673326ad195c4be09c45dbdda	a56d1dcf4df7701bb07fd3bfac562ee571b31bb673326ad195c4be09c45dbdda	
UploadFiles/xwzx/2023/10/202310301041289678.jpg	UploadFiles/xwzx/2023/10/202310301041289678.jpg	4829764	0eb4e40bbbfb31ffc97b0d3b0718000320485510421b6a6a46c6757c0c372bb3	0eb4e40bbbfb31ffc97b0d3b0718000320485510421b6a6a46c6757c0c372bb3	
UploadFiles/xwzx/2023/10/202310301041328234.jpg	UploadFiles/xwzx/2023/10/202310301041328234.jpg	6012480	3335f62f9a222779a6cc3060849141dd91fcc69b312e485ba2938557a5ae2e09	3335f62f9a222779a6cc3060849141dd91fcc69b312e485ba2938557a5ae2e09	
UploadFiles/xwzx/2023/10/202310301041344869.jpg	UploadFiles/xwzx/2023/10/202310301041344869.jpg	5371715	281970827df8b9a0dc8b88a69df8b0827bd48c15e7ecb273f75ff18fa10c4372	281970827df8b9a0dc8b88a69df8b0827bd48c15e7ecb273f75ff18fa10c4372	
UploadFiles/xwzx/2023/10/202310301041363606.jpg	UploadFiles/xwzx/2023/10/202310301041363606.jpg	6756073	1b30d84ab8c975d6090d85076103e293712cd7a3e62f766f64c827a3cb89040e	1b30d84ab8c975d6090d85076103e293712cd7a3e62f766f64c827a3cb89040e	
UploadFiles/xwzx/2023/10/202310301041392374.jpg	UploadFiles/xwzx/2023/10/202310301041392374.jpg	7723494	b23a0e7badcb58c9145cf642a203d1a001e9d9a45c1d8d8ca496e01edbb15409	b23a0e7badcb58c9145cf642a203d1a001e9d9a45c1d8d8ca496e01edbb15409	
UploadFiles/xwzx/2023/10/202310301042327151.jpg	UploadFiles/xwzx/2023/10/202310301042327151.jpg	399656	fe3de1a0646768314d8e0ce417da8a7e71c62e677ff673cf5e42c401fbbf6709	fe3de1a0646768314d8e0ce417da8a7e71c62e677ff673cf5e42c401fbbf6709	
UploadFiles/xwzx/2023/10/202310301042453519.jpg	UploadFiles/xwzx/2023/10/202310301042453519.jpg	852290	5e23d3d7141ec4e86d6aac9c178063d819be356debbf4c2dd22082fc69d99b86	5e23d3d7141ec4e86d6aac9c178063d819be356debbf4c2dd22082fc69d99b86	
UploadFiles/xwzx/2023/10/202310301042587211.jpg	UploadFiles/xwzx/2023/10/202310301042587211.jpg	4089022	5a3f5843edc5016500ee3e5ca22c6554b8b1c35b1cb21f37f8f2d79e26c40c87	5a3f5843edc5016500ee3e5ca22c6554b8b1c35b1cb21f37f8f2d79e26c40c87	
UploadFiles/xwzx/2023/10/202310301043072186.jpg	UploadFiles/xwzx/2023/10/202310301043072186.jpg	532442	9ac2c8dd2d8e7a0cdc6b2c35b75987948dd6226c2b30e14881efefc044da7223	9ac2c8dd2d8e7a0cdc6b2c35b75987948dd6226c2b30e14881efefc044da7223	
UploadFiles/xwzx/2023/10/202310301044343126.jpg	UploadFiles/xwzx/2023/10/202310301044343126.jpg	1562653	54a88466208a37363ce67cbabbee65e3783cfe1bd6350b66a245ff91530609e2	54a88466208a37363ce67cbabbee65e3783cfe1bd6350b66a245ff91530609e2	
UploadFiles/xwzx/2023/10/202310301044580102.jpg	UploadFiles/xwzx/2023/10/202310301044580102.jpg	15936378	b730551a15f016002ee4c41925da24b03fb5c4915462b58bc1584d34d58022db	b730551a15f016002ee4c41925da24b03fb5c4915462b58bc1584d34d58022db	
UploadFiles/xwzx/2023/10/202310311357024617.png	UploadFiles/xwzx/2023/10/202310311357024617.png	92254	6a0a2429962b7e9dd0f47395a727587bf4d8340cef4cf0ff4d357c2cb5e6f7c1	6a0a2429962b7e9dd0f47395a727587bf4d8340cef4cf0ff4d357c2cb5e6f7c1	
UploadFiles/xwzx/2023/10/202310311451226675.png	UploadFiles/xwzx/2023/10/202310311451226675.png	25824	7451b933d648730ed8d7c5c3fd498b8bf8b5d58208f8bdb9dcb62b25126ed876	7451b933d648730ed8d7c5c3fd498b8bf8b5d58208f8bdb9dcb62b25126ed876	
UploadFiles/xwzx/2023/10/202310311518253698.png	UploadFiles/xwzx/2023/10/202310311518253698.png	90353	2ed15d065dd27eae498ab6a8d91eabe716d30927cf1e8b96d6789b441e0b2391	2ed15d065dd27eae498ab6a8d91eabe716d30927cf1e8b96d6789b441e0b2391	
UploadFiles/xwzx/2023/11/202311010942036194.JPG	UploadFiles/xwzx/2023/11/202311010942036194.JPG	628259	f7941c52a1c5e37fe1c1cb4874878da72a1718176dcfa1eb1669c7b766e28bd4	f7941c52a1c5e37fe1c1cb4874878da72a1718176dcfa1eb1669c7b766e28bd4	
UploadFiles/xwzx/2023/11/202311011427273512.png	UploadFiles/xwzx/2023/11/202311011427273512.png	71799	aa4c464f4cf4cfb47abe8c7cb89dcfe380eec97efc37bb61c4700555facc370c	aa4c464f4cf4cfb47abe8c7cb89dcfe380eec97efc37bb61c4700555facc370c	
UploadFiles/xwzx/2023/11/202311011429351723.png	UploadFiles/xwzx/2023/11/202311011429351723.png	99594	40540e44436a3e9d9398d11dc582122083804f7027c6fe89338eb303fb2d96a2	40540e44436a3e9d9398d11dc582122083804f7027c6fe89338eb303fb2d96a2	
UploadFiles/xwzx/2023/11/202311011544487922.png	UploadFiles/xwzx/2023/11/202311011544487922.png	72797	aa9b1a44b49e7633b6806ba094a0368d5be9ca2216210dd9377121cec5a59fdc	aa9b1a44b49e7633b6806ba094a0368d5be9ca2216210dd9377121cec5a59fdc	
UploadFiles/xwzx/2023/11/202311020817294001.PNG	UploadFiles/xwzx/2023/11/202311020817294001.PNG	149445	8d38f67cb1688e300682f3e491fee1f57a3772721325c32f65457368cc5e01a4	8d38f67cb1688e300682f3e491fee1f57a3772721325c32f65457368cc5e01a4	
UploadFiles/xwzx/2023/11/202311020817299382.PNG	UploadFiles/xwzx/2023/11/202311020817299382.PNG	136747	c8f31846bcba227c5eee7da9f0c8edfa4c799ffa7abb9db870a1b7f818055e25	c8f31846bcba227c5eee7da9f0c8edfa4c799ffa7abb9db870a1b7f818055e25	
UploadFiles/xwzx/2023/11/202311021625268856.png	UploadFiles/xwzx/2023/11/202311021625268856.png	101734	1190e7c5b69cbfc4a6066aef1ab41463f55a533e2f3bd87b02f92990d78d91e0	1190e7c5b69cbfc4a6066aef1ab41463f55a533e2f3bd87b02f92990d78d91e0	
UploadFiles/xwzx/2023/11/202311021646580327.png	UploadFiles/xwzx/2023/11/202311021646580327.png	15300	920d494e169e1e3db8703d1a855326343c2474692bb5162cd0c5e7c90cef4a23	920d494e169e1e3db8703d1a855326343c2474692bb5162cd0c5e7c90cef4a23	
UploadFiles/xwzx/2023/11/202311021646580824.png	UploadFiles/xwzx/2023/11/202311021646580824.png	20282	f25731b1ff330990c8c41773221550248376eba3876a0017b1269039067f9373	f25731b1ff330990c8c41773221550248376eba3876a0017b1269039067f9373	
UploadFiles/xwzx/2023/11/202311021955155567.JPG	UploadFiles/xwzx/2023/11/202311021955155567.JPG	13359096	7ec07b4d2025d076d5eb45f866fbdb7abfa7a07b9fa33662e5043257e139e7b8	7ec07b4d2025d076d5eb45f866fbdb7abfa7a07b9fa33662e5043257e139e7b8	
UploadFiles/xwzx/2023/11/202311021955307052.JPG	UploadFiles/xwzx/2023/11/202311021955307052.JPG	13965968	e0157e7f98073537f04416299458a9a91fd87c491213cbf88a0affddf4484dc5	e0157e7f98073537f04416299458a9a91fd87c491213cbf88a0affddf4484dc5	
UploadFiles/xwzx/2023/11/202311021957512399.JPG	UploadFiles/xwzx/2023/11/202311021957512399.JPG	14091181	84ed3b6ba8fb8619d6215c78a1cd812ff019e2865eaea421f3106cc034e4b594	84ed3b6ba8fb8619d6215c78a1cd812ff019e2865eaea421f3106cc034e4b594	
UploadFiles/xwzx/2023/11/202311021957540290.JPG	UploadFiles/xwzx/2023/11/202311021957540290.JPG	14665358	7fee1f6130c9f5d485b70b4e71aaf32eb1050fe4be7777feb7a361e76d5420fa	7fee1f6130c9f5d485b70b4e71aaf32eb1050fe4be7777feb7a361e76d5420fa	
UploadFiles/xwzx/2023/11/202311021957541416.JPG	UploadFiles/xwzx/2023/11/202311021957541416.JPG	15257579	4006340d5b8c9f686c138277cb84a6acb51e2987e3975dd18ba2a5c1e2f02c25	4006340d5b8c9f686c138277cb84a6acb51e2987e3975dd18ba2a5c1e2f02c25	
UploadFiles/xwzx/2023/11/202311021958223559.JPG	UploadFiles/xwzx/2023/11/202311021958223559.JPG	14038126	a15ddd7e249aae1c7eb81ceef63d9087b3d90717cd66393f7308ddf2af9b7da2	a15ddd7e249aae1c7eb81ceef63d9087b3d90717cd66393f7308ddf2af9b7da2	
UploadFiles/xwzx/2023/11/202311021958560711.JPG	UploadFiles/xwzx/2023/11/202311021958560711.JPG	15278575	9bfa2a87cc96852e0056ab071175b414b2bd79534ffa43c52cc85f92ee5ae9a3	9bfa2a87cc96852e0056ab071175b414b2bd79534ffa43c52cc85f92ee5ae9a3	
UploadFiles/xwzx/2023/11/202311021959011840.JPG	UploadFiles/xwzx/2023/11/202311021959011840.JPG	14267856	11fd88f234536ebb3839f9c7acc15db361c8028cf20410b74e672b671f768e06	11fd88f234536ebb3839f9c7acc15db361c8028cf20410b74e672b671f768e06	
UploadFiles/xwzx/2023/11/202311021959072723.JPG	UploadFiles/xwzx/2023/11/202311021959072723.JPG	14826822	ba715f79b2263567053cc5f3ce031e7d135f6b5f2e9de49c5d2bc55816c6767e	ba715f79b2263567053cc5f3ce031e7d135f6b5f2e9de49c5d2bc55816c6767e	
UploadFiles/xwzx/2023/11/202311021959179732.JPG	UploadFiles/xwzx/2023/11/202311021959179732.JPG	14983633	3a1147f3c670c72f8923ed792a9c227fb64380f85a3b1e6768e75c7cf157b22e	3a1147f3c670c72f8923ed792a9c227fb64380f85a3b1e6768e75c7cf157b22e	
UploadFiles/xwzx/2023/11/202311022001440793.JPG	UploadFiles/xwzx/2023/11/202311022001440793.JPG	2961473	66890c5d2850e01c65f262a21855a229487e518222d01b98503e1d20caaf472e	66890c5d2850e01c65f262a21855a229487e518222d01b98503e1d20caaf472e	
UploadFiles/xwzx/2023/11/202311022001458387.jpg	UploadFiles/xwzx/2023/11/202311022001458387.jpg	2337632	8a873146c32b212b6bbb906623b285c546268462bacea7c8ede8b16f717c901f	8a873146c32b212b6bbb906623b285c546268462bacea7c8ede8b16f717c901f	
UploadFiles/xwzx/2023/11/202311022001472846.JPG	UploadFiles/xwzx/2023/11/202311022001472846.JPG	2639285	9437793b19e194218dcd95a2ab439c85e7ecdcd698f2c6c09dbb854e8b3ffc33	9437793b19e194218dcd95a2ab439c85e7ecdcd698f2c6c09dbb854e8b3ffc33	
UploadFiles/xwzx/2023/11/202311022002154789.jpg	UploadFiles/xwzx/2023/11/202311022002154789.jpg	2578706	69f0c37128a8e08e1818d6fe8de873cc988c8b816afd916eaf26eeb31819e828	69f0c37128a8e08e1818d6fe8de873cc988c8b816afd916eaf26eeb31819e828	
UploadFiles/xwzx/2023/11/202311022002200660.jpg	UploadFiles/xwzx/2023/11/202311022002200660.jpg	3838089	4eec77473d721c1d1c08447eef9d63607e4e2519af48657f88c22d5763e77cc2	4eec77473d721c1d1c08447eef9d63607e4e2519af48657f88c22d5763e77cc2	
UploadFiles/xwzx/2023/11/202311022002238413.JPG	UploadFiles/xwzx/2023/11/202311022002238413.JPG	1865503	e0426eae580513f0ae2bdf529e058b64f3494ab9a7f614bb4dcf93f0923489f4	e0426eae580513f0ae2bdf529e058b64f3494ab9a7f614bb4dcf93f0923489f4	
UploadFiles/xwzx/2023/11/202311022002249863.jpg	UploadFiles/xwzx/2023/11/202311022002249863.jpg	1963883	baed88bdf06c8f981489f2bf88c9cfa6ecbab265900312197dbb3f6a6dc4dc09	baed88bdf06c8f981489f2bf88c9cfa6ecbab265900312197dbb3f6a6dc4dc09	
UploadFiles/xwzx/2023/11/202311022002259604.JPG	UploadFiles/xwzx/2023/11/202311022002259604.JPG	2825630	6b426fa49b9b2877fa2d6211d42d7fd51e9d9bc1ab60ccbeb82e23500bf99cf3	6b426fa49b9b2877fa2d6211d42d7fd51e9d9bc1ab60ccbeb82e23500bf99cf3	
